Equipo,Comp,PL,Edad,Pos.,PJ,Titular,Mín,90 s,Gls,Ass,G+A,G-TP,TP,TPint,TA,TR,xG,npxG,xAG,npxG+xAG,PrgC,PrgP,Gls./90,Ast,G+A/90,G-TP/90,G+A-TP,xG/90,xAG/90,xG+xAG,npxG/90,npxG+xAG/90,Dis,DaP,%_de TT,Dis/90,DaP/90,G/T,G/TalArc,Dist,FK,Pases_exito,Pases_intentados,%_pase_exito,Dist.tot.pase,Dist.pase.prg,Pase_corto_exito,Pase_corto_intentado,%Pase_corto_exito,Pase_medio_exito,Pase_medio_intentado,%Pase_medio_exito,Pase_largo_exito,Pase_largo_intentado,%Pase_largo_exito,Pases_clave,Pases_1/3,Pases_Area,CrAP,Pases_tiros_libres,Cambios_juego,Pcz,SE,SE_dentro,SE_fuera,SE_recto,Pases_fuera_juego,Pases_bloqueados,ACT,ACT/90,PassLive,PassDead,ACT/HASTA,ACT/Dis,ACT/FR,ACT/Def,ACG,ACG/90,PassLive.1,PassDead.1,ACG/HASTA.1,ACG/Dis,ACG/FR,ACG/Def,Tkl,TklG,Duelos_exito,Duelos_intentados,%Duelos_exito,Duelos_perdidos,Bloqueos_defensivos,Disparos_bloqueados,Pases_interceptados,Intercepciones,Tkl+Int,Despejes_defensivos,Errores_provocan_tiro_oponente,Toques,Def. pen.,3.º def.,3.º cent.,3.º ataq.,Ataq. pen.,Transportes,Errores de control,Pases_recibidos,Pases_progresivos_decididos,2a amarilla,Fls,FR,Recuperaciones_balón,Aereos_ganados,Aereos_perdidos,%Aereo_ganados,GC,GC/90,DaPC,Salvadas,% Salvadas,PG,PE,PP,PaC,PaC%,Penal_concedido,Penal_detenido,PC,PD,TL,TE,GC.1,PSxG,PSxG/SoT,PSxG+/-,/90,Att (GK),Long/prom/Saque/meta,Opp,Stp,% de Stp,Núm. de OPA,Núm. de OPA/90,DistProm.
Alavés,es La Liga,29,27.2,45.6,29,319,2610,29.0,32,17,49,26,6,8,80,4,33.9,27.6,19.9,47.5,356,886,1.1,0.59,1.69,0.9,1.48,1.17,0.69,1.85,0.95,1.64,303,95,31.4,10.45,3.28,0.09,0.27,17.6,9,7989,11225,71.2,152742,65465,3422,4164,82.2,3376,4217,80.1,1020,2188,46.6,218,714,178,81,425,83,626,135,49,59,6,64,273,536,18.48,356,73,22,33,39,13,51,1.76,35,2,3,6,5,0,537,335,261,524,49.8,263,287,67,220,247,784,658,9,14496,1445,4551,6460,3620,546,6992,457,7896,876,2,464,376,1143,502,527,48.8,44,1.52,112,69,70.5,6,9,14,4,13.8,11,0,0,11,2,4,1,40.9,0.29,-2.1,-0.07,695,56.0,392,28,7.1,23,0.79,13.0
Angers,fr Ligue 1,25,28.4,42.4,27,297,2430,27.0,25,14,39,20,5,6,36,2,31.0,26.3,21.1,47.4,405,782,0.93,0.52,1.44,0.74,1.26,1.15,0.78,1.93,0.97,1.75,253,74,29.2,9.37,2.74,0.08,0.27,18.6,12,9016,11430,78.9,157321,59414,4100,4648,88.2,3899,4599,84.8,807,1596,50.6,180,632,166,55,346,49,459,97,39,41,4,55,206,448,16.59,322,34,20,27,26,19,45,1.67,28,2,2,4,7,2,500,319,236,475,49.7,239,292,93,199,283,783,717,16,14555,1663,5249,6376,3106,418,7677,408,8945,773,0,296,332,1128,278,345,44.6,45,1.67,159,114,73.6,7,6,14,5,18.5,3,0,1,3,0,7,0,54.5,0.34,9.5,0.35,602,42.8,437,42,9.6,17,0.63,10.7
Arsenal,eng Premier League,24,26.5,55.8,29,319,2610,29.0,51,40,91,49,2,2,60,5,44.5,43.0,33.9,76.9,632,1394,1.76,1.38,3.14,1.69,3.07,1.54,1.17,2.71,1.48,2.65,400,135,33.8,13.79,4.66,0.12,0.36,15.1,6,12714,15194,83.7,207791,66417,6480,7100,91.3,5195,5874,88.4,807,1575,51.2,316,1050,324,56,333,61,606,189,172,3,2,64,211,716,24.69,538,63,35,47,23,10,91,3.14,65,10,4,8,3,1,467,279,196,396,49.5,200,258,85,173,181,648,501,21,18097,1398,4614,7805,5813,955,10550,363,12590,1373,2,334,308,1104,381,361,51.3,24,0.83,95,71,76.8,16,10,3,11,37.9,2,0,0,2,2,4,0,25.0,0.25,1.0,0.04,907,39.1,307,40,13.0,49,1.69,16.6
Aston Villa,eng Premier League,28,27.7,51.4,29,319,2610,29.0,40,31,71,38,2,3,58,2,41.2,38.8,30.4,69.2,554,1010,1.38,1.07,2.45,1.31,2.38,1.42,1.05,2.47,1.34,2.39,361,113,31.3,12.45,3.9,0.11,0.34,16.0,10,11488,13873,82.8,195233,67266,5313,5901,90.0,5138,5779,88.9,802,1509,53.1,267,867,248,46,448,40,472,187,124,19,1,48,276,642,22.14,447,69,39,46,29,12,73,2.52,58,4,2,5,3,1,488,280,229,415,55.2,186,263,88,175,190,678,582,38,16853,1981,5643,7253,4122,730,9547,379,11294,1001,1,332,381,1103,296,319,48.1,45,1.55,120,74,63.3,12,9,8,4,13.8,1,1,0,1,1,2,0,43.5,0.35,-1.5,-0.05,887,32.1,395,43,10.9,28,0.97,14.5
Atalanta,it Serie A,32,27.8,55.7,30,330,2700,30.0,61,42,103,57,4,6,56,1,51.3,46.6,36.5,83.1,711,1417,2.03,1.4,3.43,1.9,3.3,1.71,1.22,2.93,1.55,2.77,438,152,34.7,14.6,5.07,0.13,0.38,15.0,5,14087,16864,83.5,244245,77243,6387,7077,90.3,6231,7060,88.3,1194,1985,60.2,342,1102,300,90,375,94,605,142,67,51,0,45,268,789,26.3,588,64,45,61,20,11,105,3.5,84,4,3,11,3,0,471,286,221,400,55.3,179,283,73,210,235,706,498,13,20032,1557,5483,9148,5575,837,12403,469,13990,1405,1,350,323,1399,453,361,55.7,29,0.97,110,83,74.5,17,7,6,12,40.0,1,0,0,1,0,3,2,32.5,0.31,5.5,0.18,763,48.3,261,17,6.5,44,1.47,24.5
Athletic Club,es La Liga,30,27.6,49.3,29,319,2610,29.0,46,36,82,44,2,5,51,3,43.2,39.3,29.5,68.8,548,1262,1.59,1.24,2.83,1.52,2.76,1.49,1.02,2.51,1.35,2.37,381,127,33.3,13.14,4.38,0.12,0.35,17.4,6,10738,13596,79.0,197789,69997,4417,5083,86.9,5124,5912,86.7,1065,2080,51.2,288,1029,217,75,373,94,628,155,60,60,1,46,230,685,23.62,514,52,45,35,20,19,80,2.76,55,7,6,7,5,0,437,252,218,431,50.6,213,268,45,223,265,702,638,19,16887,1385,4626,8068,4349,616,8746,439,10626,1247,1,356,301,1327,364,386,48.5,24,0.83,86,62,74.4,14,11,4,9,31.0,2,1,0,2,2,3,1,24.7,0.27,1.7,0.06,699,52.5,337,31,9.2,38,1.31,16.4
Atlético Madrid,es La Liga,24,29.1,51.7,29,319,2610,29.0,47,37,84,44,3,4,65,3,46.1,43.1,35.0,78.1,558,1163,1.62,1.28,2.9,1.52,2.79,1.59,1.21,2.8,1.49,2.69,341,119,34.9,11.76,4.1,0.13,0.37,16.9,9,13349,16170,82.6,222975,75846,6480,7214,89.8,5351,6132,87.3,1122,1930,58.1,251,907,260,70,349,97,499,140,44,51,0,56,308,603,20.79,481,36,24,34,15,13,83,2.86,71,0,4,5,1,2,470,284,249,498,50.0,249,279,82,197,201,671,624,18,19186,1783,6106,8711,4516,614,11567,406,13256,1161,0,314,316,1213,347,336,50.8,23,0.79,87,66,78.2,16,9,4,13,44.8,4,0,0,4,0,2,2,18.1,0.17,-2.9,-0.1,507,36.0,400,20,5.0,21,0.72,13.3
Augsburg,de Bundesliga,28,27.5,43.4,27,297,2430,27.0,30,22,52,29,1,2,69,2,26.3,24.7,18.8,43.6,352,889,1.11,0.81,1.93,1.07,1.89,0.97,0.7,1.67,0.92,1.61,302,89,29.5,11.19,3.3,0.1,0.33,17.6,8,8881,11603,76.5,163641,64893,3763,4431,84.9,4006,4696,85.3,947,1836,51.6,220,691,189,56,330,30,457,120,41,55,1,48,290,538,19.93,381,61,27,38,26,5,55,2.04,37,6,5,4,2,1,382,251,189,347,54.5,158,340,98,242,278,660,792,12,14892,1745,4861,6545,3652,528,7813,473,8805,879,1,301,300,1175,437,386,53.1,36,1.33,113,78,71.7,10,9,8,10,37.0,4,0,0,4,1,2,1,36.7,0.3,1.7,0.06,749,45.3,458,18,3.9,32,1.19,13.6
Auxerre,fr Ligue 1,28,26.6,42.4,27,297,2430,27.0,38,27,65,34,4,5,52,4,35.3,31.6,26.6,58.2,388,883,1.41,1.0,2.41,1.26,2.26,1.31,0.99,2.29,1.17,2.16,312,123,39.4,11.56,4.56,0.11,0.28,17.3,8,8478,11055,76.7,156640,61356,3641,4201,86.7,3576,4216,84.8,1029,2014,51.1,239,641,171,55,366,129,448,112,40,54,0,40,226,571,21.15,422,50,25,34,22,18,69,2.56,43,8,4,6,8,0,565,343,272,518,52.5,246,328,105,223,277,842,760,13,14360,1751,5238,6151,3122,509,7695,361,8415,879,1,327,293,1217,350,355,49.6,39,1.44,131,93,74.0,9,8,10,8,29.6,5,1,0,5,0,6,2,42.6,0.3,5.6,0.21,751,53.2,445,26,5.8,41,1.52,15.4
Barcelona,es La Liga,27,25.3,67.1,29,319,2610,29.0,80,58,138,75,5,6,49,3,70.9,66.2,54.7,120.9,659,1639,2.76,2.0,4.76,2.59,4.59,2.44,1.89,4.33,2.28,4.17,493,184,37.3,17.0,6.34,0.15,0.41,17.0,20,16551,19167,86.4,281168,88076,7516,8200,91.7,7406,8153,90.8,1220,1873,65.1,379,1447,352,56,494,111,515,193,67,40,0,54,293,882,30.41,685,42,62,46,38,9,136,4.69,98,3,14,10,10,1,405,256,211,392,53.8,181,265,51,214,167,572,469,11,22286,1494,5215,11115,6121,908,13327,447,16454,1634,1,262,359,1239,286,270,51.4,28,0.97,83,55,69.9,21,3,5,9,31.0,3,0,0,3,0,1,0,26.9,0.3,-1.1,-0.04,932,27.8,290,12,4.1,121,4.17,19.9
Bayern Munich,de Bundesliga,27,28.4,68.9,27,297,2430,27.0,76,49,125,67,9,10,43,1,67.2,59.5,47.9,107.4,658,1698,2.81,1.81,4.63,2.48,4.3,2.49,1.77,4.26,2.2,3.98,499,200,40.1,18.48,7.41,0.13,0.34,16.6,15,18424,20824,88.5,303936,94835,9180,9852,93.2,7719,8386,92.0,1218,1835,66.4,398,1723,364,57,298,89,506,187,108,18,1,45,281,914,33.85,703,51,74,47,32,7,124,4.59,84,3,15,11,8,3,417,246,204,363,56.2,159,254,40,214,186,603,382,20,23756,1276,4925,12069,6907,955,14514,388,18315,1687,0,239,280,1344,340,261,56.6,26,0.96,56,30,55.4,20,5,2,12,44.4,1,0,1,1,0,3,0,20.8,0.37,-5.2,-0.19,988,26.1,198,12,6.1,51,1.89,12.3
Betis,es La Liga,35,28.1,52.3,29,319,2610,29.0,38,23,61,32,6,9,63,4,44.8,37.8,29.5,67.3,489,1115,1.31,0.79,2.1,1.1,1.9,1.54,1.02,2.56,1.3,2.32,390,126,32.3,13.45,4.34,0.08,0.25,18.0,11,11815,14572,81.1,199411,69008,5611,6275,89.4,4853,5618,86.4,987,1841,53.6,311,838,238,62,482,107,483,149,62,49,0,43,298,707,24.38,524,52,49,35,36,11,66,2.28,46,4,1,7,7,1,509,313,272,500,54.4,228,316,84,232,290,799,686,11,18123,1655,5722,8129,4446,693,10308,510,11699,1099,0,346,419,1276,368,387,48.7,36,1.24,96,61,66.7,13,8,8,7,24.1,4,0,0,4,0,5,1,34.1,0.33,-0.9,-0.03,809,36.6,380,22,5.8,41,1.41,12.6
Bochum,de Bundesliga,26,28.8,43.7,27,297,2430,27.0,27,20,47,26,1,2,57,1,32.6,31.0,24.0,55.0,294,824,1.0,0.74,1.74,0.96,1.7,1.21,0.89,2.09,1.15,2.04,342,103,30.1,12.67,3.81,0.08,0.25,17.7,8,7783,10881,71.5,154457,67649,2912,3547,82.1,3585,4456,80.5,1122,2209,50.8,244,638,188,62,286,32,526,125,79,43,0,45,294,577,21.37,414,66,19,42,25,11,44,1.63,25,5,3,6,3,2,481,292,254,487,52.2,233,383,115,268,242,723,706,16,14137,1829,5033,6108,3124,535,6854,417,7690,813,0,369,238,1115,569,534,51.6,56,2.07,126,68,57.9,4,6,17,3,11.1,3,2,1,3,2,5,0,50.8,0.37,-5.2,-0.19,860,50.5,381,14,3.7,39,1.44,15.8
Bologna,it Serie A,30,27.0,58.0,30,330,2700,30.0,49,37,86,43,6,7,46,3,41.2,35.7,28.3,64.0,526,1184,1.63,1.23,2.87,1.43,2.67,1.37,0.94,2.32,1.19,2.13,407,139,34.2,13.57,4.63,0.11,0.31,17.6,16,12585,15458,81.4,236093,78351,4955,5577,88.8,6042,6839,88.3,1363,2380,57.3,310,1102,240,88,505,112,555,136,34,75,0,47,249,734,24.47,529,66,35,45,39,20,89,2.97,64,3,3,9,7,3,476,277,229,439,52.2,210,317,80,237,207,683,544,15,18665,1667,5334,8866,4636,655,11076,473,12452,1174,1,442,463,1251,452,483,48.3,34,1.13,82,49,61.0,15,11,4,10,33.3,2,1,0,2,0,2,2,29.7,0.34,-2.3,-0.08,1055,35.7,264,24,9.1,20,0.67,12.2
Bournemouth,eng Premier League,28,25.8,47.0,29,319,2610,29.0,47,36,83,41,6,7,74,1,52.9,47.4,36.5,83.9,564,1136,1.62,1.24,2.86,1.41,2.66,1.82,1.26,3.08,1.63,2.89,457,159,34.8,15.76,5.48,0.09,0.26,16.6,8,9560,12561,76.1,174602,66498,4120,4772,86.3,4217,5000,84.3,1040,2167,48.0,354,937,261,74,312,58,624,178,133,14,3,57,239,807,27.83,619,55,34,51,28,20,82,2.83,56,5,4,5,10,2,564,329,242,508,47.6,266,359,108,251,289,853,762,17,16294,1710,4919,6937,4650,805,8776,473,9467,1124,0,399,296,1452,429,490,46.7,36,1.24,142,106,77.5,12,8,9,6,20.7,4,0,0,4,1,4,0,45.4,0.3,9.4,0.32,698,40.2,364,16,4.4,46,1.59,12.6
Brentford,eng Premier League,27,26.6,48.2,29,319,2610,29.0,50,32,82,46,4,4,40,1,44.7,41.6,32.6,74.1,470,1072,1.72,1.1,2.83,1.59,2.69,1.54,1.12,2.66,1.43,2.56,334,134,40.1,11.52,4.62,0.14,0.34,15.4,9,10486,13369,78.4,190109,72413,4646,5352,86.8,4546,5358,84.8,1086,2043,53.2,255,860,256,70,294,55,523,131,101,2,0,57,225,607,20.93,453,53,29,34,28,10,86,2.97,60,8,4,6,7,1,479,292,239,444,53.8,205,372,149,223,225,704,827,19,16723,2584,6509,6197,4164,748,8859,387,10333,1058,0,227,258,1260,500,436,53.4,45,1.55,165,123,73.3,12,5,12,5,17.2,1,0,0,1,0,2,3,43.7,0.26,1.7,0.06,1132,35.7,471,39,8.3,27,0.93,11.4
Brest,fr Ligue 1,29,28.8,48.6,27,297,2430,27.0,42,24,66,35,7,9,51,2,37.5,30.5,23.1,53.6,367,888,1.56,0.89,2.44,1.3,2.19,1.39,0.86,2.25,1.13,1.99,325,122,37.5,12.04,4.52,0.11,0.29,17.2,6,10020,12720,78.8,186538,67728,4147,4770,86.9,4431,5159,85.9,1205,2168,55.6,236,746,155,52,370,97,518,112,49,57,0,38,226,583,21.59,398,65,22,38,43,17,69,2.56,43,3,4,11,6,2,514,335,242,455,53.2,213,285,81,204,247,761,695,10,15793,1778,5404,7101,3418,516,8151,390,9943,876,1,340,311,1179,439,418,51.2,42,1.56,109,67,66.1,12,4,11,8,29.6,5,1,1,5,1,2,1,36.3,0.29,-4.7,-0.18,743,47.2,398,28,7.0,34,1.26,15.1
Brighton,eng Premier League,30,25.6,51.8,29,319,2610,29.0,46,30,76,43,3,3,62,1,43.6,41.3,30.8,72.1,619,1162,1.59,1.03,2.62,1.48,2.52,1.5,1.06,2.57,1.42,2.48,399,135,33.8,13.76,4.66,0.11,0.32,17.2,20,11918,14480,82.3,203419,70066,5724,6335,90.4,4911,5619,87.4,1023,1853,55.2,279,875,251,65,391,60,504,143,84,34,4,33,233,706,24.34,514,53,46,36,44,13,82,2.83,57,5,8,3,7,2,526,313,257,546,47.1,289,339,97,242,247,773,583,20,17947,2049,5875,7793,4483,798,10334,445,11773,1149,1,338,328,1263,400,368,52.1,42,1.45,106,66,67.0,12,11,6,7,24.1,7,0,0,7,1,4,2,36.6,0.3,-3.4,-0.12,932,24.6,348,25,7.2,42,1.45,15.4
Cagliari,it Serie A,26,27.3,45.3,30,330,2700,30.0,29,23,52,26,3,3,54,3,35.5,33.2,25.9,59.1,409,926,0.97,0.77,1.73,0.87,1.63,1.18,0.86,2.05,1.11,1.97,351,94,26.8,11.7,3.13,0.07,0.28,15.8,6,9716,12663,76.7,175793,70854,4247,4887,86.9,4349,5157,84.3,964,1987,48.5,250,738,193,75,386,46,615,148,35,105,0,53,264,619,20.63,423,75,32,56,28,5,53,1.77,41,2,1,4,4,1,437,244,200,360,55.6,160,272,103,169,204,641,700,15,15841,2014,6061,6572,3367,534,8458,436,9623,919,3,408,313,1209,499,483,50.8,44,1.47,127,83,70.1,7,8,15,4,13.3,6,0,0,6,0,8,0,45.1,0.32,1.1,0.04,770,39.5,435,18,4.1,23,0.77,11.8
Celta Vigo,es La Liga,30,27.7,54.0,29,319,2610,29.0,41,28,69,35,6,7,70,5,39.8,34.4,29.0,63.4,525,1265,1.41,0.97,2.38,1.21,2.17,1.37,1.0,2.37,1.19,2.18,318,116,36.5,10.97,4.0,0.11,0.3,18.1,14,13853,16553,83.7,239731,79989,6008,6670,90.1,6429,7159,89.8,1076,1867,57.6,249,1083,232,46,380,106,379,102,31,43,0,58,283,571,19.69,449,27,32,33,22,8,72,2.48,57,1,5,3,6,0,426,268,222,442,50.2,220,270,72,198,223,649,619,20,19500,1698,5810,9625,4225,612,11643,421,13777,1257,3,355,332,1200,308,341,47.5,42,1.45,110,69,62.7,11,7,11,6,20.7,1,1,0,1,0,8,2,35.9,0.31,-4.1,-0.14,608,31.8,383,23,6.0,40,1.38,14.2
Chelsea,eng Premier League,29,24.3,58.1,29,319,2610,29.0,52,40,92,49,3,4,81,1,55.9,52.7,42.9,95.7,667,1199,1.79,1.38,3.17,1.69,3.07,1.93,1.48,3.41,1.82,3.3,458,157,34.3,15.79,5.41,0.11,0.31,16.5,15,14239,16717,85.2,244862,76844,6411,6981,91.8,6472,7146,90.6,1066,1907,55.9,353,1164,255,47,399,75,477,173,104,22,3,47,228,818,28.21,621,46,46,58,29,18,92,3.17,64,4,8,8,6,2,449,277,216,429,50.3,213,278,83,195,213,662,488,37,19696,1821,5922,8973,4959,870,11428,353,14130,1185,1,342,344,1191,308,296,51.0,37,1.28,132,94,75.8,14,7,8,6,20.7,5,1,0,5,0,4,0,37.8,0.25,0.8,0.03,937,18.5,293,32,10.9,48,1.66,15.1
Como,it Serie A,38,27.0,54.0,30,330,2700,30.0,31,27,58,31,0,2,72,6,34.6,33.1,27.7,60.8,514,1038,1.03,0.9,1.93,1.03,1.93,1.15,0.92,2.07,1.1,2.03,401,136,33.9,13.37,4.53,0.08,0.23,17.9,12,12331,14966,82.4,208657,73753,5853,6457,90.6,5074,5747,88.3,1035,1894,54.6,314,842,216,50,471,77,476,132,37,54,0,55,296,708,23.6,513,70,34,50,30,11,54,1.8,46,1,2,3,0,2,541,339,242,479,50.5,237,275,69,206,227,768,608,16,18169,1847,6179,8016,4137,616,11067,450,12187,1033,3,397,403,1244,381,394,49.2,47,1.57,113,66,64.6,7,9,14,3,10.0,7,0,0,7,0,6,0,36.0,0.27,-11.0,-0.37,911,20.4,334,19,5.7,46,1.53,12.2
Crystal Palace,eng Premier League,27,26.9,43.9,28,308,2520,28.0,34,26,60,32,2,2,58,1,44.1,42.6,33.4,75.9,371,899,1.21,0.93,2.14,1.14,2.07,1.58,1.19,2.77,1.52,2.71,393,134,34.1,14.04,4.79,0.08,0.24,17.1,14,8976,11924,75.3,162318,61023,3887,4553,85.4,4043,4844,83.5,869,1935,44.9,289,685,202,51,333,44,455,133,81,18,0,53,228,669,23.89,485,56,27,54,37,10,62,2.21,40,6,4,8,4,0,608,355,262,514,51.0,252,367,101,266,240,848,782,15,15358,1912,5658,6440,3414,587,7623,358,8912,886,0,303,306,1295,406,502,44.7,33,1.18,109,77,70.6,10,9,9,9,32.1,1,1,0,1,0,2,2,34.9,0.32,3.9,0.14,678,41.5,409,20,4.9,32,1.14,14.6
Dortmund,de Bundesliga,28,27.3,60.4,27,297,2430,27.0,46,35,81,42,4,4,64,6,46.2,43.1,36.2,79.3,564,1281,1.7,1.3,3.0,1.56,2.85,1.71,1.34,3.05,1.6,2.94,382,119,31.2,14.15,4.41,0.11,0.35,16.1,9,13890,16480,84.3,241104,80193,6289,6887,91.3,6199,6877,90.1,1137,1977,57.5,297,1092,260,74,348,82,592,160,79,51,3,35,264,683,25.3,495,49,62,44,21,12,82,3.04,56,4,10,5,4,3,419,258,211,386,54.7,175,299,76,223,186,605,535,17,19541,1682,5540,9575,4595,717,11768,410,13754,1274,3,264,284,1174,378,326,53.7,42,1.56,107,65,63.6,11,5,11,5,18.5,3,0,0,3,0,5,1,39.3,0.35,-1.7,-0.06,884,28.1,330,16,4.8,34,1.26,14.8
Eint Frankfurt,de Bundesliga,26,25.7,49.5,27,297,2430,27.0,55,35,90,52,3,5,43,1,52.6,48.9,35.1,84.1,479,1079,2.04,1.3,3.33,1.93,3.22,1.95,1.3,3.25,1.81,3.11,403,142,35.2,14.93,5.26,0.13,0.37,16.4,11,11113,13631,81.5,184607,68232,5390,5951,90.6,4524,5225,86.6,874,1721,50.8,292,806,249,42,309,54,435,129,68,43,0,43,235,712,26.37,489,55,49,70,31,18,92,3.41,51,7,15,10,5,4,445,273,225,420,53.6,195,350,114,236,242,687,765,21,16973,2089,5932,7492,3700,706,9886,450,11019,1073,1,265,239,1173,345,354,49.4,40,1.48,145,105,73.1,14,6,7,6,22.2,1,2,0,1,0,9,2,42.5,0.29,4.5,0.17,774,27.2,449,29,6.5,33,1.22,13.3
Empoli,it Serie A,33,26.2,40.8,30,330,2700,30.0,23,14,37,21,2,3,53,4,26.4,24.1,18.7,42.8,332,759,0.77,0.47,1.23,0.7,1.17,0.88,0.62,1.51,0.8,1.43,283,81,28.6,9.43,2.7,0.07,0.26,18.6,12,7968,10949,72.8,146100,58245,3217,3885,82.8,3583,4363,82.1,900,1986,45.3,208,601,155,52,385,48,457,130,50,42,0,47,246,495,16.5,352,39,35,29,26,14,37,1.23,25,1,5,3,2,1,568,330,266,462,57.6,196,327,118,209,257,825,865,18,14413,1950,5409,6296,2875,440,6640,444,7886,751,1,445,351,1194,443,546,44.8,47,1.57,131,84,64.9,4,11,15,5,16.7,1,1,1,1,0,6,1,40.2,0.3,-5.8,-0.19,739,27.5,478,30,6.3,15,0.5,12.6
Espanyol,es La Liga,26,26.0,38.8,28,308,2520,28.0,25,18,43,22,3,3,71,0,21.7,19.3,14.8,34.2,352,714,0.89,0.64,1.54,0.79,1.43,0.78,0.53,1.3,0.69,1.22,248,62,25.0,8.86,2.21,0.09,0.35,18.7,12,7624,10159,75.0,144541,58394,3053,3579,85.3,3472,4128,84.1,947,1932,49.0,178,567,141,61,360,72,440,96,22,53,0,41,210,441,15.75,302,49,25,23,32,10,44,1.57,26,4,2,4,7,1,479,291,219,441,49.7,222,312,114,198,242,721,807,15,13361,1853,5321,5650,2542,383,6659,414,7558,708,0,389,317,1009,356,374,48.8,40,1.43,139,97,74.1,7,8,13,4,14.3,4,2,0,4,2,6,0,43.5,0.28,3.5,0.12,648,36.3,477,42,8.8,29,1.04,12.4
Everton,eng Premier League,26,28.9,40.8,29,319,2610,29.0,29,19,48,28,1,1,61,2,31.6,30.8,24.2,55.0,369,799,1.0,0.66,1.66,0.97,1.62,1.09,0.84,1.93,1.06,1.9,322,108,33.5,11.1,3.72,0.09,0.26,17.1,10,8672,11445,75.8,163776,65423,3871,4491,86.2,3468,4116,84.3,1172,2230,52.6,242,776,206,68,322,61,516,121,73,24,10,66,242,562,19.38,420,48,35,23,26,10,49,1.69,32,3,4,3,4,3,587,340,264,499,52.9,235,289,105,184,261,848,846,17,14880,1868,5350,5978,3720,557,7242,393,8603,786,1,335,287,1200,462,434,51.6,36,1.24,119,81,69.7,7,13,9,9,31.0,0,2,0,0,1,6,0,37.3,0.31,1.3,0.04,993,43.7,426,23,5.4,53,1.83,16.0
Fiorentina,it Serie A,34,26.9,49.3,30,330,2700,30.0,46,30,76,40,6,8,62,2,37.7,31.4,25.6,57.0,486,977,1.53,1.0,2.53,1.33,2.33,1.26,0.85,2.11,1.05,1.9,341,122,35.8,11.37,4.07,0.12,0.33,17.9,15,10821,13474,80.3,200469,70899,4374,4944,88.5,5011,5764,86.9,1206,2119,56.9,258,750,187,56,472,78,465,118,52,35,1,68,238,625,20.83,450,46,41,41,38,9,78,2.6,48,7,7,8,8,0,429,257,201,399,50.4,198,281,93,188,214,643,689,15,16553,1866,5622,7626,3472,528,9634,427,10709,968,2,335,432,1119,412,412,50.0,30,1.0,118,87,75.4,15,6,9,11,36.7,1,2,0,1,0,1,1,31.3,0.25,2.3,0.08,725,40.3,402,11,2.7,21,0.7,13.8
Freiburg,de Bundesliga,26,28.0,48.8,27,297,2430,27.0,35,26,61,35,0,4,45,2,34.9,31.7,23.3,55.0,344,907,1.3,0.96,2.26,1.3,2.26,1.29,0.86,2.15,1.18,2.04,323,108,33.4,11.96,4.0,0.11,0.32,17.5,15,10520,13362,78.7,188549,67764,4441,5107,87.0,4816,5557,86.7,988,1945,50.8,228,767,195,60,287,47,447,106,59,34,0,45,277,575,21.3,407,49,27,45,36,11,63,2.33,42,6,2,8,4,1,412,261,198,381,52.0,183,310,87,223,218,630,596,18,16216,1818,5488,7465,3385,536,8117,345,10333,902,1,238,257,1101,467,472,49.7,40,1.48,124,82,69.4,12,6,9,10,37.0,2,2,0,2,1,6,0,39.6,0.3,-0.4,-0.02,1006,37.6,387,31,8.0,28,1.04,11.6
Fulham,eng Premier League,26,28.7,52.7,29,319,2610,29.0,42,37,79,39,3,4,61,2,39.8,36.6,30.9,67.5,612,1215,1.45,1.28,2.72,1.34,2.62,1.37,1.06,2.44,1.26,2.33,393,126,32.1,13.55,4.34,0.1,0.31,16.4,7,12645,15410,82.1,225463,75514,5585,6227,89.7,5649,6398,88.3,1174,2094,56.1,309,1025,255,79,356,95,675,156,61,73,0,33,266,724,24.97,547,60,31,53,20,13,78,2.69,61,3,4,3,4,3,518,304,224,437,51.3,213,283,78,205,248,766,634,20,18532,1986,6142,7752,4831,721,11045,376,12523,1204,0,326,288,1232,395,407,49.3,38,1.31,116,80,69.0,12,9,8,5,17.2,2,0,0,2,0,4,2,33.4,0.28,-2.6,-0.09,892,29.3,381,19,5.0,24,0.83,13.0
Genoa,it Serie A,34,27.0,45.5,30,330,2700,30.0,27,21,48,27,0,2,59,0,30.6,28.9,22.7,51.6,369,819,0.9,0.7,1.6,0.9,1.6,1.02,0.76,1.77,0.96,1.72,318,90,28.3,10.6,3.0,0.08,0.3,17.8,14,9446,12368,76.4,174531,65579,3758,4405,85.3,4462,5260,84.8,993,1992,49.8,238,614,166,61,392,46,544,127,49,68,0,48,262,552,18.4,381,70,18,38,37,8,46,1.53,32,6,0,6,2,0,545,322,217,447,48.5,230,336,98,238,245,790,740,13,15847,1990,5855,6921,3207,524,7545,485,9357,809,0,378,340,1170,546,562,49.3,38,1.27,119,81,73.1,8,11,11,9,30.0,6,2,0,6,0,5,2,39.5,0.29,3.5,0.12,762,38.7,416,22,5.3,13,0.43,10.2
Getafe,es La Liga,30,28.3,42.8,29,319,2610,29.0,26,13,39,21,5,5,91,3,26.8,23.0,15.5,38.5,288,775,0.9,0.45,1.34,0.72,1.17,0.93,0.54,1.46,0.79,1.33,325,88,27.1,11.21,3.03,0.06,0.24,19.8,12,6712,9997,67.1,130812,58099,2857,3552,80.4,2734,3628,75.4,968,2242,43.2,218,755,176,83,466,97,569,111,44,52,1,70,190,553,19.07,357,74,36,28,46,12,41,1.41,21,5,1,8,4,2,492,294,246,506,48.6,260,319,67,252,208,700,792,13,13632,1373,3963,6215,3622,502,6093,598,6646,762,3,476,404,1093,621,589,51.3,25,0.86,87,61,78.2,9,9,11,8,27.6,6,1,0,6,0,2,0,29.6,0.29,4.6,0.16,538,58.8,362,18,5.0,24,0.83,13.4
Girona,es La Liga,29,28.0,56.4,29,319,2610,29.0,36,27,63,32,4,5,64,2,33.2,29.4,23.7,53.1,571,1309,1.24,0.93,2.17,1.1,2.03,1.15,0.82,1.96,1.01,1.83,300,102,34.0,10.34,3.52,0.11,0.31,17.6,8,14189,16602,85.5,247123,77050,6344,6877,92.2,6438,7095,90.7,1164,1962,59.3,230,1130,251,68,361,109,612,147,62,62,1,61,265,547,18.86,429,41,24,26,19,8,65,2.24,47,5,2,7,3,1,443,274,229,439,52.2,210,267,79,188,226,669,546,28,19485,1962,6202,8784,4643,636,11864,416,14013,1303,0,318,324,1128,233,253,47.9,45,1.55,116,69,62.9,9,7,13,6,20.7,2,3,0,2,1,3,1,38.6,0.3,-5.4,-0.19,835,31.3,343,31,9.0,28,0.97,12.8
Gladbach,de Bundesliga,26,27.3,50.5,27,297,2430,27.0,43,32,75,40,3,4,47,3,42.2,39.0,32.1,71.0,424,911,1.59,1.19,2.78,1.48,2.67,1.56,1.19,2.75,1.44,2.63,333,124,37.2,12.33,4.59,0.12,0.32,16.3,5,11699,14365,81.4,202264,71256,5401,6024,89.7,5036,5786,87.0,1011,1820,55.5,254,710,219,66,321,61,471,122,53,54,0,48,287,593,21.96,433,58,23,41,25,13,77,2.85,62,5,1,5,3,1,407,227,195,373,52.3,178,349,123,226,250,657,805,14,17514,2272,6632,7720,3285,566,9621,326,11575,904,2,281,270,1051,421,368,53.4,40,1.48,135,96,75.6,13,4,10,7,25.9,7,1,0,7,1,3,2,42.6,0.28,4.6,0.17,1000,29.7,465,22,4.7,22,0.82,17.7
Heidenheim,de Bundesliga,26,27.6,43.0,27,297,2430,27.0,32,21,53,27,5,5,54,1,33.4,29.5,22.9,52.4,407,765,1.19,0.78,1.96,1.0,1.78,1.24,0.85,2.08,1.09,1.94,323,101,31.3,11.96,3.74,0.08,0.27,17.2,10,8425,11301,74.6,164395,64727,3115,3809,81.8,4013,4774,84.1,1126,2110,53.4,234,633,186,71,330,61,470,110,56,39,0,38,270,577,21.37,388,61,35,45,41,7,52,1.93,29,6,3,9,4,1,508,296,254,471,53.9,217,364,90,274,248,756,776,13,14681,1869,5598,6197,3067,515,7689,433,8351,752,0,314,314,1123,456,530,46.2,52,1.93,137,85,65.7,6,4,17,6,22.2,5,0,0,5,0,6,0,47.7,0.32,-4.3,-0.16,802,37.4,389,18,4.6,16,0.59,12.0
Hellas Verona,it Serie A,32,25.8,37.9,30,330,2700,30.0,26,17,43,24,2,2,79,8,28.1,26.5,20.7,47.2,359,781,0.87,0.57,1.43,0.8,1.37,0.94,0.69,1.63,0.88,1.57,298,80,26.8,9.93,2.67,0.08,0.3,17.6,10,7804,10570,73.8,141309,54543,3482,4076,85.4,3281,3914,83.8,833,1967,42.3,220,644,150,47,325,70,423,121,56,48,1,46,219,515,17.17,370,50,28,32,25,10,41,1.37,25,4,3,5,2,2,539,346,249,480,51.9,231,320,110,210,267,806,758,22,13909,1675,4854,6264,2959,414,6949,406,7736,773,5,440,283,1130,510,530,49.0,58,1.93,147,90,61.2,9,3,18,7,23.3,1,0,1,1,0,6,1,44.5,0.3,-12.5,-0.42,636,58.7,446,27,6.1,21,0.7,22.3
Hoffenheim,de Bundesliga,34,27.1,50.1,27,297,2430,27.0,33,19,52,30,3,3,50,1,33.8,31.5,25.9,57.4,393,1013,1.22,0.7,1.93,1.11,1.81,1.25,0.96,2.21,1.17,2.13,344,112,32.6,12.74,4.15,0.09,0.27,17.8,8,10537,13529,77.9,184163,69292,4705,5378,87.5,4531,5411,83.7,977,1960,49.8,255,845,248,95,336,50,611,129,47,52,2,47,285,617,22.85,464,54,31,34,29,5,58,2.15,41,3,5,6,3,0,462,273,220,425,51.8,205,365,116,249,225,687,708,16,16741,1876,5337,7525,4011,608,8842,339,10444,1006,0,304,303,1193,456,481,48.7,49,1.81,136,87,66.2,6,9,12,3,11.1,3,2,0,3,0,6,2,51.9,0.37,4.9,0.18,817,36.5,395,16,4.1,25,0.93,14.6
Holstein Kiel,de Bundesliga,27,26.2,44.4,27,297,2430,27.0,38,22,60,35,3,4,62,3,30.7,27.5,20.1,47.6,291,721,1.41,0.81,2.22,1.3,2.11,1.14,0.74,1.88,1.02,1.76,291,104,35.7,10.78,3.85,0.12,0.34,17.6,10,8646,11382,76.0,164948,64712,3331,3887,85.7,4154,4928,84.3,1022,2036,50.2,212,558,151,59,328,45,383,96,46,38,1,41,236,521,19.3,372,58,16,35,32,8,62,2.3,37,6,3,8,5,3,423,254,210,407,51.6,197,337,131,206,241,664,843,15,14675,2258,6207,6132,2468,457,6907,397,8572,709,2,327,287,1025,433,480,47.4,67,2.48,156,90,59.6,4,5,18,2,7.4,4,1,0,4,3,6,2,52.5,0.32,-12.5,-0.46,839,43.5,528,28,5.3,19,0.7,10.2
Inter,it Serie A,25,30.1,59.4,30,330,2700,30.0,64,49,113,58,6,7,41,1,55.1,50.0,39.4,89.3,553,1392,2.13,1.63,3.77,1.93,3.57,1.84,1.31,3.15,1.67,2.98,467,152,32.5,15.57,5.07,0.12,0.38,16.3,14,15043,17561,85.7,267688,84479,6404,7024,91.2,6972,7725,90.3,1395,2106,66.2,357,1093,324,93,360,101,608,186,50,102,1,75,214,847,28.23,645,78,27,52,33,12,113,3.77,87,7,4,8,6,1,406,233,195,374,52.1,179,281,93,188,184,590,505,10,20452,1873,5800,9626,5167,839,12604,330,14922,1381,1,336,325,1141,494,346,58.8,28,0.93,102,74,74.5,20,7,3,13,43.3,2,1,0,2,0,3,1,28.0,0.25,1.0,0.03,1016,24.9,329,14,4.3,12,0.4,13.2
Ipswich Town,eng Premier League,32,26.4,41.4,29,319,2610,29.0,27,19,46,25,2,2,75,3,27.1,25.6,18.0,43.6,401,731,0.93,0.66,1.59,0.86,1.52,0.94,0.62,1.56,0.88,1.5,280,97,34.6,9.66,3.34,0.09,0.26,17.5,10,9096,11625,78.2,160540,59862,4114,4647,88.5,4022,4699,85.6,781,1679,46.5,212,691,128,40,324,46,395,118,89,14,1,42,236,499,17.21,340,59,38,25,27,10,42,1.45,32,2,4,2,2,0,470,262,225,491,45.8,266,321,131,190,253,723,767,32,14875,2246,5924,5902,3204,470,7527,423,9008,722,3,334,299,1137,403,403,50.0,62,2.14,161,100,64.6,3,8,18,2,6.9,5,0,0,5,0,5,1,57.3,0.33,-3.7,-0.13,769,40.8,426,55,12.9,28,0.97,7.6
Juventus,it Serie A,29,25.4,58.4,30,330,2700,30.0,44,30,74,39,5,5,51,1,41.3,37.5,28.4,65.9,651,1201,1.47,1.0,2.47,1.3,2.3,1.38,0.95,2.32,1.25,2.2,398,139,34.9,13.27,4.63,0.1,0.28,17.2,8,14996,17311,86.6,260396,78057,6756,7328,92.2,6808,7434,91.6,1173,1915,61.3,302,1099,233,57,331,89,496,144,69,61,0,35,220,700,23.33,529,42,45,48,24,12,73,2.43,50,4,8,7,2,2,477,274,211,381,55.4,170,326,110,216,165,642,487,21,20346,1798,6198,9791,4521,646,12587,439,14854,1191,1,375,303,1183,344,363,48.7,28,0.93,91,63,74.7,14,13,3,15,50.0,5,0,0,5,0,5,0,25.5,0.24,-2.5,-0.08,747,29.9,382,24,6.3,23,0.77,14.0
Las Palmas,es La Liga,30,27.8,50.0,29,319,2610,29.0,31,22,53,29,2,3,89,4,27.5,25.1,19.9,45.1,371,919,1.07,0.76,1.83,1.0,1.76,0.95,0.69,1.64,0.87,1.55,307,106,34.5,10.59,3.66,0.09,0.27,19.2,18,11032,13910,79.3,192888,70191,5012,5670,88.4,4721,5516,85.6,1024,2018,50.7,232,808,194,65,436,77,480,112,39,50,2,46,247,561,19.34,419,45,31,25,34,7,55,1.9,44,2,1,4,3,1,478,287,254,493,51.5,239,344,115,229,238,716,740,24,17101,2065,6016,7895,3314,499,8757,411,10940,911,2,346,355,1103,386,403,48.9,48,1.66,142,92,69.0,6,8,15,3,10.3,4,4,1,4,0,4,2,49.9,0.31,3.9,0.13,868,33.8,452,14,3.1,27,0.93,14.5
Lazio,it Serie A,26,27.9,54.6,30,330,2700,30.0,50,36,86,45,5,6,70,4,45.5,41.1,30.5,71.6,621,1214,1.67,1.2,2.87,1.5,2.7,1.52,1.02,2.54,1.37,2.39,413,143,34.6,13.77,4.77,0.11,0.31,17.8,12,12925,15340,84.3,233956,76219,5438,5972,91.1,5969,6641,89.9,1286,2106,61.1,317,1030,244,74,420,96,654,177,102,38,0,32,216,748,24.93,551,47,45,59,28,18,86,2.87,64,3,7,7,4,1,410,253,193,401,48.1,208,245,73,172,240,650,540,19,18186,1781,5363,8703,4318,726,10475,371,12827,1208,2,342,391,1136,376,385,49.4,42,1.4,94,54,59.6,15,7,8,6,20.0,4,0,0,4,0,3,2,32.3,0.32,-7.7,-0.26,947,29.2,380,30,7.9,36,1.2,14.5
Le Havre,fr Ligue 1,31,27.5,42.5,27,297,2430,27.0,27,15,42,20,7,8,49,4,33.5,27.0,19.6,46.7,418,837,1.0,0.56,1.56,0.74,1.3,1.24,0.73,1.97,1.0,1.73,268,76,28.4,9.93,2.81,0.07,0.26,17.3,7,8672,11045,78.5,158752,56197,3516,4059,86.6,4069,4714,86.3,894,1688,53.0,187,608,156,64,356,57,552,105,68,26,0,43,219,464,17.19,297,51,27,38,42,9,45,1.67,25,3,4,7,6,0,490,302,243,436,55.7,193,302,112,190,250,740,812,14,14199,1749,5338,6105,2925,473,7385,371,8575,819,1,304,319,1094,367,343,51.7,57,2.11,135,78,61.5,7,3,17,3,11.1,5,1,0,5,1,7,1,56.8,0.39,0.8,0.03,639,29.8,442,25,5.7,13,0.48,11.3
Lecce,it Serie A,30,26.7,44.8,30,330,2700,30.0,21,16,37,19,2,3,48,5,27.6,25.4,19.6,45.0,420,858,0.7,0.53,1.23,0.63,1.17,0.92,0.65,1.57,0.85,1.5,351,92,26.2,11.7,3.07,0.05,0.21,19.2,17,9549,12354,77.3,176716,66531,4015,4620,86.9,4159,4901,84.9,1167,2220,52.6,252,666,184,77,407,68,479,123,45,58,0,41,242,609,20.3,438,58,30,35,35,13,37,1.23,32,1,0,2,2,0,524,309,242,478,50.6,236,317,121,196,230,754,781,19,15768,2050,5889,6902,3170,472,7898,445,9439,851,0,370,348,1204,497,492,50.3,49,1.63,145,97,71.0,6,7,17,7,23.3,7,1,1,7,2,5,2,44.8,0.27,-2.2,-0.07,685,30.7,445,21,4.7,15,0.5,10.8
Leganés,es La Liga,26,28.6,41.8,29,319,2610,29.0,28,21,49,24,4,6,62,5,25.6,20.9,16.1,37.0,299,745,0.97,0.72,1.69,0.83,1.55,0.88,0.56,1.44,0.72,1.28,233,77,33.0,8.03,2.66,0.1,0.31,20.0,11,8450,11286,74.9,153343,58447,3734,4290,87.0,3572,4252,84.0,922,2131,43.3,163,569,134,33,373,74,358,81,36,32,0,69,204,405,13.97,264,41,31,22,32,15,53,1.83,35,3,5,3,5,2,505,309,229,458,50.0,229,346,132,214,263,768,961,16,14761,1975,5697,6607,2611,324,7380,433,8385,740,0,384,350,1173,378,469,44.6,46,1.59,138,94,71.7,6,9,14,8,27.6,7,0,1,7,1,6,2,47.6,0.31,3.6,0.12,674,64.4,570,41,7.2,36,1.24,8.4
Leicester City,eng Premier League,28,27.3,45.9,29,319,2610,29.0,25,20,45,23,2,2,64,0,25.7,24.2,20.4,44.6,472,861,0.86,0.69,1.55,0.79,1.48,0.89,0.7,1.59,0.84,1.54,260,83,31.9,8.97,2.86,0.09,0.28,17.7,6,10813,13572,79.7,180366,65309,5265,5894,89.3,4436,5130,86.5,823,1800,45.7,198,774,172,55,340,36,499,105,67,19,3,48,246,459,15.83,340,37,35,21,23,3,44,1.52,30,3,5,3,3,0,574,329,254,533,47.7,279,389,144,245,254,828,758,21,16905,2174,6083,7746,3245,503,9566,391,10724,854,0,311,295,1158,399,442,47.4,65,2.24,164,101,61.0,4,5,20,1,3.4,1,1,0,1,0,3,3,59.2,0.36,-2.8,-0.1,880,33.8,475,25,5.3,29,1.0,20.7
Lens,fr Ligue 1,33,27.9,53.7,27,297,2430,27.0,29,17,46,25,4,4,69,7,39.9,36.9,27.4,64.3,431,1134,1.07,0.63,1.7,0.93,1.56,1.48,1.01,2.49,1.37,2.38,360,107,29.7,13.33,3.96,0.07,0.23,16.6,6,11546,14245,81.1,190525,68667,5709,6438,88.7,4498,5204,86.4,957,1706,56.1,274,880,287,81,314,56,557,149,69,54,0,71,280,642,23.78,485,53,35,43,18,8,46,1.7,32,1,5,5,2,1,498,310,247,472,52.3,225,321,84,237,263,761,553,13,17426,1513,4979,7999,4604,639,9612,446,11452,1126,3,415,279,1252,371,322,53.5,30,1.11,110,80,80.0,11,6,10,11,40.7,8,0,0,8,2,4,0,39.4,0.3,9.4,0.35,700,31.7,302,33,10.9,31,1.15,13.2
Leverkusen,de Bundesliga,23,27.7,59.1,27,297,2430,27.0,60,45,105,58,2,5,48,1,50.4,46.3,36.8,83.2,538,1371,2.22,1.67,3.89,2.15,3.81,1.87,1.36,3.23,1.72,3.08,426,151,35.4,15.78,5.59,0.14,0.38,16.6,11,14700,17309,84.9,239930,79917,7610,8279,91.9,5589,6335,88.2,1118,1883,59.4,325,1299,254,65,316,89,587,186,98,43,0,50,256,771,28.56,553,65,50,64,28,11,104,3.85,74,7,7,13,2,1,317,209,145,285,50.9,140,236,55,181,200,517,493,13,20067,1452,4483,9804,5894,787,11253,359,14569,1362,1,247,276,1171,344,321,51.7,34,1.26,108,77,71.3,17,8,2,6,22.2,3,0,0,3,1,2,3,30.8,0.27,-0.2,-0.01,651,30.3,271,12,4.4,32,1.19,16.1
Lille,fr Ligue 1,27,26.6,57.7,27,297,2430,27.0,41,22,63,35,6,9,64,1,45.5,39.1,28.8,67.9,546,1310,1.52,0.81,2.33,1.3,2.11,1.68,1.07,2.75,1.45,2.51,341,126,37.0,12.63,4.67,0.1,0.28,16.6,12,13315,15669,85.0,232666,73998,5813,6433,90.4,6085,6724,90.5,1107,1754,63.1,259,1138,284,65,331,82,439,134,39,55,0,36,254,623,23.07,481,47,24,38,26,7,65,2.41,40,2,3,12,6,2,506,284,259,460,56.3,201,237,64,173,219,725,474,15,18518,1528,4712,9034,4894,701,10911,414,13195,1300,0,333,299,1216,311,281,52.5,28,1.04,100,72,75.0,13,8,6,10,37.0,3,0,0,3,0,4,0,34.7,0.34,6.7,0.25,685,24.9,286,15,5.2,16,0.59,13.8
Liverpool,eng Premier League,24,27.9,57.1,29,319,2610,29.0,69,51,120,60,9,9,56,2,65.0,58.0,47.2,105.2,635,1441,2.38,1.76,4.14,2.07,3.83,2.24,1.63,3.87,2.0,3.63,483,171,35.4,16.66,5.9,0.12,0.35,16.0,5,13931,16539,84.2,236762,79695,6661,7255,91.8,5908,6666,88.6,1065,1897,56.1,386,1192,340,65,339,106,534,183,113,41,1,42,251,877,30.24,678,47,64,56,18,14,122,4.21,98,3,8,7,6,0,506,315,275,528,52.1,253,281,74,207,236,742,553,19,19713,1792,5451,8863,5571,1001,11430,403,13781,1430,1,337,271,1240,313,255,55.1,27,0.93,96,68,71.9,21,7,1,12,41.4,0,1,0,0,0,1,0,28.1,0.29,1.1,0.04,771,24.6,287,11,3.8,47,1.62,15.8
Lyon,fr Ligue 1,27,28.2,56.1,27,297,2430,27.0,49,36,85,44,5,7,45,0,47.7,42.2,35.2,77.4,514,1299,1.81,1.33,3.15,1.63,2.96,1.77,1.3,3.07,1.56,2.87,338,143,42.3,12.52,5.3,0.13,0.31,15.9,5,12594,15014,83.9,208517,70612,6137,6774,90.6,5261,5890,89.3,887,1593,55.7,271,999,297,47,332,87,468,144,62,61,0,50,283,622,23.04,492,40,28,39,20,3,89,3.3,68,2,7,8,4,0,467,280,249,477,52.2,228,289,93,196,222,689,567,19,17899,1703,5154,8330,4575,767,10231,368,12465,1285,0,322,281,1133,255,269,48.7,37,1.37,139,102,75.5,13,6,8,9,33.3,3,0,0,3,1,4,0,42.7,0.3,5.7,0.21,693,31.0,359,24,6.7,24,0.89,13.5
Mainz 05,de Bundesliga,24,28.2,49.2,27,297,2430,27.0,43,31,74,40,3,3,59,4,37.8,35.5,28.7,64.2,359,1001,1.59,1.15,2.74,1.48,2.63,1.4,1.06,2.46,1.31,2.38,311,113,36.3,11.52,4.19,0.13,0.35,16.6,7,9885,13031,75.9,176476,67651,4458,5152,86.5,4182,5013,83.4,1016,2115,48.0,236,788,236,67,295,57,486,121,43,50,6,62,295,549,20.33,415,50,24,31,21,8,74,2.74,60,1,0,8,4,1,453,262,182,361,50.4,179,346,112,234,283,736,790,16,16479,1830,5498,7304,3805,588,8193,481,9814,988,2,323,251,1225,501,567,46.9,31,1.15,118,86,76.3,13,6,8,9,33.3,3,1,0,3,2,6,0,36.3,0.29,5.3,0.2,797,41.8,476,41,8.6,51,1.89,13.7
Mallorca,es La Liga,28,29.4,47.0,29,319,2610,29.0,27,18,45,23,4,5,63,6,33.4,29.5,22.6,52.1,388,931,0.93,0.62,1.55,0.79,1.41,1.15,0.78,1.93,1.02,1.8,312,91,29.2,10.76,3.14,0.07,0.25,16.3,6,9605,12372,77.6,178143,69484,4200,4779,87.9,4070,4835,84.2,1152,2156,53.4,226,726,198,92,370,77,584,121,48,60,3,62,224,556,19.17,383,73,27,42,26,5,47,1.62,35,6,0,2,3,1,449,280,199,375,53.1,176,284,101,183,268,717,804,11,15675,1883,5336,6991,3511,514,8221,430,9501,919,1,348,341,1168,514,473,52.1,35,1.21,107,73,70.1,11,7,11,6,20.7,3,0,0,3,0,3,1,31.1,0.28,-2.9,-0.1,726,35.9,473,16,3.4,18,0.62,13.1
Manchester City,eng Premier League,27,27.5,60.7,29,319,2610,29.0,54,40,94,52,2,3,50,1,51.4,49.0,42.2,91.2,892,1489,1.86,1.38,3.24,1.79,3.17,1.77,1.46,3.23,1.69,3.14,463,163,35.2,15.97,5.62,0.11,0.32,16.9,13,16220,18412,88.1,263190,74728,8366,9005,92.9,6688,7307,91.5,942,1504,62.6,376,1226,333,51,340,66,505,201,95,28,4,35,275,851,29.34,680,51,52,36,25,7,93,3.21,70,3,8,8,2,2,385,234,171,350,48.9,179,255,69,186,173,558,472,29,21185,1623,5017,8885,7452,1045,13507,344,15987,1470,1,215,287,1101,231,244,48.6,40,1.38,113,75,67.3,14,6,9,7,24.1,3,0,0,3,1,3,2,39.8,0.34,1.8,0.06,937,24.7,272,13,4.8,48,1.66,15.8
Manchester Utd,eng Premier League,29,26.4,52.7,29,319,2610,29.0,35,23,58,32,3,3,64,3,38.9,36.5,29.2,65.7,492,1055,1.21,0.79,2.0,1.1,1.9,1.34,1.01,2.35,1.26,2.27,379,128,33.8,13.07,4.41,0.08,0.25,17.2,10,12712,15444,82.3,210004,68549,6251,6940,90.1,5160,5847,88.3,940,1843,51.0,294,859,231,50,314,84,446,144,80,28,9,55,268,676,23.31,508,59,29,40,27,13,57,1.97,35,4,4,5,5,4,620,371,294,539,54.5,245,290,90,200,301,921,585,18,18736,1969,6644,7996,4269,709,11435,375,12584,1043,1,309,281,1317,362,372,49.3,40,1.38,119,79,68.9,10,7,12,8,27.6,3,1,0,3,0,10,1,40.5,0.32,1.5,0.05,952,35.1,356,20,5.6,20,0.69,11.7
Marseille,fr Ligue 1,32,27.3,64.2,27,297,2430,27.0,53,36,89,47,6,7,51,6,49.3,43.7,35.1,78.8,550,1387,1.96,1.33,3.3,1.74,3.07,1.83,1.3,3.12,1.62,2.92,386,146,37.8,14.3,5.41,0.12,0.32,16.9,11,16642,18918,88.0,263697,81963,8367,8970,93.3,7012,7667,91.5,833,1433,58.1,305,1251,262,54,363,45,489,138,68,47,0,42,262,708,26.22,527,57,42,53,19,10,96,3.56,74,2,5,8,5,2,446,284,222,390,56.9,168,219,58,161,220,666,421,25,21605,1536,5512,11124,5113,679,13076,362,16474,1377,4,312,294,1197,256,207,55.3,36,1.33,110,73,69.1,15,4,8,5,18.5,2,3,0,2,1,3,2,37.2,0.32,3.2,0.12,824,25.3,251,21,8.4,49,1.81,18.5
Milan,it Serie A,34,26.3,54.7,30,330,2700,30.0,44,30,74,40,4,8,56,5,51.3,45.1,36.7,81.8,769,1331,1.47,1.0,2.47,1.33,2.33,1.71,1.22,2.93,1.5,2.73,445,150,33.7,14.83,5.0,0.09,0.27,17.9,5,12912,15149,85.2,228528,75718,5516,6097,90.5,6115,6751,90.6,1064,1751,60.8,360,1011,273,65,418,70,554,178,111,16,0,51,197,819,27.3,609,55,58,48,34,15,80,2.67,52,4,5,10,6,3,439,282,185,365,50.7,180,223,74,149,187,626,528,14,18100,1521,5426,8291,4575,793,11169,400,12764,1321,1,332,340,1100,357,327,52.2,35,1.17,109,75,68.8,13,8,9,10,33.3,1,1,0,1,0,2,2,30.3,0.27,-2.7,-0.09,1023,31.4,356,22,6.2,62,2.07,32.7
Monaco,fr Ligue 1,28,25.0,56.1,27,297,2430,27.0,53,42,95,49,4,5,50,3,61.3,57.5,47.2,104.7,540,1339,1.96,1.56,3.52,1.81,3.37,2.27,1.75,4.02,2.13,3.88,409,144,35.2,15.15,5.33,0.12,0.34,15.8,7,11740,14424,81.4,196731,73148,5611,6356,88.3,4950,5682,87.1,903,1682,53.7,326,998,328,47,391,78,444,150,69,58,0,59,230,721,26.7,549,51,33,48,23,17,91,3.37,69,6,4,8,2,2,560,353,286,523,54.7,237,271,56,215,287,847,518,15,17634,1379,4509,8767,4537,801,10210,490,11644,1331,2,372,351,1415,345,347,49.9,33,1.22,104,71,71.2,15,5,7,8,29.6,3,0,0,3,1,2,0,30.0,0.27,-3.0,-0.11,579,32.0,298,21,7.0,34,1.26,14.0
Montpellier,fr Ligue 1,35,27.3,44.9,26,286,2385,26.5,21,12,33,18,3,4,74,6,29.2,26.2,20.1,46.3,420,819,0.79,0.45,1.25,0.68,1.13,1.1,0.76,1.86,0.99,1.75,297,92,31.0,11.21,3.47,0.06,0.2,19.7,18,8484,10940,77.6,160578,60077,3472,4040,85.9,3653,4292,85.1,1140,2017,56.5,217,659,133,61,377,95,523,129,45,71,0,53,217,513,19.36,363,47,26,26,38,13,35,1.32,20,4,4,3,4,0,475,280,237,476,49.8,239,285,100,185,207,682,588,19,13843,1644,4661,6244,3101,449,7239,369,8406,811,2,326,352,1073,327,375,46.6,60,2.31,152,93,63.8,4,3,19,0,0.0,5,1,0,5,0,3,2,53.1,0.32,-4.9,-0.19,704,38.4,370,24,6.5,23,0.88,14.5
Monza,it Serie A,35,27.5,47.9,30,330,2700,30.0,23,15,38,20,3,3,73,3,23.3,21.1,16.0,37.1,406,864,0.77,0.5,1.27,0.67,1.17,0.78,0.53,1.31,0.7,1.24,257,74,28.8,8.57,2.47,0.08,0.27,18.5,14,10927,13552,80.6,199954,68668,4497,5090,88.3,5062,5766,87.8,1151,2056,56.0,188,682,153,56,450,65,524,108,34,59,0,36,228,451,15.03,333,45,20,25,25,3,37,1.23,29,3,1,4,0,0,443,243,218,411,53.0,193,313,133,180,240,683,682,28,16606,2250,6439,7145,3165,383,9871,419,10817,850,2,416,411,1049,487,513,48.7,52,1.73,142,90,64.8,2,9,19,3,10.0,2,2,0,2,1,8,2,46.1,0.3,-3.9,-0.13,822,29.6,447,18,4.0,26,0.87,13.1
Nantes,fr Ligue 1,30,27.4,40.2,27,297,2430,27.0,31,23,54,27,4,4,55,3,32.7,29.7,23.3,52.9,393,861,1.15,0.85,2.0,1.0,1.85,1.21,0.86,2.07,1.1,1.96,282,100,35.5,10.44,3.7,0.1,0.27,15.5,3,8661,11033,78.5,156220,60810,3728,4234,88.0,3834,4414,86.9,896,1800,49.8,213,715,182,72,341,31,499,118,58,48,0,26,232,508,18.81,364,47,42,29,18,8,53,1.96,39,1,7,4,2,0,516,293,252,457,55.1,205,321,91,230,218,734,792,9,14174,1738,4812,6406,3089,534,7579,392,8610,853,0,326,301,1050,324,353,47.9,46,1.7,122,79,68.0,6,9,12,4,14.8,7,0,0,7,0,3,3,43.7,0.32,0.7,0.02,658,42.4,469,26,5.5,13,0.48,10.6
Napoli,it Serie A,26,29.3,53.5,30,330,2700,30.0,44,32,76,40,4,5,36,0,42.1,38.3,30.9,69.2,583,1256,1.47,1.07,2.53,1.33,2.4,1.4,1.03,2.43,1.28,2.31,397,115,29.0,13.23,3.83,0.1,0.35,16.5,7,13171,15649,84.2,231372,76387,5785,6413,90.2,5943,6623,89.7,1173,1868,62.8,310,986,250,58,377,73,548,172,106,40,2,44,278,706,23.53,538,59,32,45,21,11,77,2.57,56,4,4,6,6,1,438,265,215,396,54.3,181,254,77,177,220,658,604,9,18709,1717,5685,8881,4303,689,10454,371,13057,1246,0,327,340,1163,407,339,54.6,24,0.8,83,58,72.3,19,7,4,13,43.3,1,2,1,1,1,0,1,25.4,0.28,2.4,0.08,794,27.3,327,22,6.7,41,1.37,16.2
Newcastle Utd,eng Premier League,24,27.8,50.3,28,308,2520,28.0,46,35,81,43,3,4,52,1,46.3,43.1,34.5,77.6,539,1127,1.64,1.25,2.89,1.54,2.79,1.65,1.23,2.88,1.54,2.77,363,114,31.4,12.96,4.07,0.12,0.38,15.7,9,11269,13850,81.4,188524,67492,5566,6225,89.4,4664,5311,87.8,825,1670,49.4,283,832,268,48,375,67,495,156,101,13,5,57,255,660,23.57,503,49,31,31,31,15,83,2.96,70,4,3,2,3,1,456,282,238,456,52.2,218,327,111,216,215,671,628,25,16899,1752,5698,7049,4317,758,9846,355,11187,1120,0,296,345,1238,336,335,50.1,38,1.36,124,87,69.4,14,5,9,9,32.1,0,0,0,0,0,4,1,37.7,0.31,0.7,0.02,655,43.8,378,35,9.3,47,1.68,15.3
Nice,fr Ligue 1,30,27.1,46.7,27,297,2430,27.0,47,32,79,42,5,5,51,5,46.7,42.8,32.5,75.3,540,987,1.74,1.19,2.93,1.56,2.74,1.73,1.2,2.93,1.59,2.79,374,141,37.7,13.85,5.22,0.11,0.3,16.2,12,10176,12487,81.5,172148,65400,4905,5476,89.6,4267,4928,86.6,803,1507,53.3,279,707,242,47,365,49,437,131,50,52,0,43,227,661,24.48,473,52,43,43,33,17,78,2.89,55,6,4,6,6,1,528,329,255,452,56.4,197,344,96,248,298,826,653,23,15832,1770,5376,7224,3432,652,8206,423,10090,982,2,313,346,1274,328,325,50.2,33,1.22,129,96,76.0,13,8,6,6,22.2,2,1,0,2,0,3,1,36.7,0.27,4.7,0.17,712,25.8,382,29,7.6,22,0.81,11.8
Nott'ham Forest,eng Premier League,23,26.9,40.0,29,319,2610,29.0,48,34,82,45,3,3,64,2,36.5,34.2,26.6,60.8,486,839,1.66,1.17,2.83,1.55,2.72,1.26,0.92,2.18,1.18,2.1,358,129,36.0,12.34,4.45,0.13,0.35,17.5,12,8056,10742,75.0,136871,56236,4093,4681,87.4,2867,3576,80.2,784,1768,44.3,257,688,182,42,337,42,451,124,61,55,0,67,222,620,21.38,439,58,32,47,30,14,78,2.69,53,7,3,6,6,3,531,328,250,501,49.9,251,334,121,213,251,782,875,16,14256,1874,4884,5637,3922,619,6628,446,7985,833,2,307,319,1197,427,421,50.4,35,1.21,123,88,73.2,16,6,7,12,41.4,2,0,0,2,1,4,0,36.5,0.29,1.5,0.05,506,47.2,521,17,3.3,6,0.21,7.8
Osasuna,es La Liga,24,28.2,46.0,29,319,2610,29.0,31,16,47,24,7,7,71,0,30.8,26.0,20.1,46.1,433,938,1.07,0.55,1.62,0.83,1.38,1.06,0.69,1.76,0.9,1.59,294,85,28.9,10.14,2.93,0.08,0.28,16.9,6,9133,12177,75.0,172427,70305,3806,4462,85.3,4000,4860,82.3,1118,2179,51.3,210,727,196,91,364,93,615,122,49,30,2,54,278,512,17.66,368,58,26,27,29,4,54,1.86,31,2,4,6,10,1,482,288,240,482,49.8,242,321,77,244,205,687,673,14,15258,1735,4866,6849,3700,555,7842,413,9026,923,0,387,275,1164,493,399,55.3,42,1.45,138,97,72.5,7,13,9,6,20.7,4,0,0,4,1,3,1,44.7,0.3,3.7,0.13,768,48.2,397,30,7.6,68,2.34,10.6
Paris S-G,fr Ligue 1,25,24.4,67.2,27,297,2430,27.0,76,57,133,71,5,5,30,0,72.7,68.8,57.8,126.5,746,1633,2.81,2.11,4.93,2.63,4.74,2.69,2.14,4.83,2.55,4.69,499,218,43.7,18.48,8.07,0.14,0.33,16.2,9,18086,20225,89.4,299341,85837,8565,9157,93.5,7773,8351,93.1,1299,1837,70.7,417,1396,336,57,328,145,450,172,50,54,0,47,252,914,33.85,732,46,54,46,21,15,134,4.96,106,2,9,10,5,2,499,310,260,482,53.9,222,294,87,207,227,726,402,16,23236,1676,5551,11508,6328,965,14100,386,17985,1627,0,241,266,1322,210,174,54.7,26,0.96,89,63,74.2,22,5,0,6,22.2,3,0,0,3,1,5,0,26.0,0.28,0.0,0.0,675,26.7,239,14,5.9,25,0.93,13.4
Parma,it Serie A,32,24.5,45.5,30,330,2700,30.0,34,24,58,28,6,7,60,5,34.6,29.1,22.4,51.5,502,897,1.13,0.8,1.93,0.93,1.73,1.15,0.75,1.9,0.97,1.72,350,107,30.6,11.67,3.57,0.08,0.26,19.7,17,10351,12937,80.0,184171,67692,4443,5051,88.0,4656,5349,87.0,972,1889,51.5,267,751,179,49,455,62,335,145,45,20,1,27,201,630,21.0,465,49,40,30,34,12,57,1.9,35,5,6,6,4,1,409,230,187,376,49.7,189,337,119,218,218,627,737,16,16161,2124,5671,6879,3798,534,9390,432,10225,887,2,305,364,1090,370,389,48.7,49,1.69,128,81,65.6,5,11,14,4,13.3,5,0,0,5,3,5,2,44.5,0.32,-2.5,-0.08,947,34.7,506,53,10.5,27,0.93,16.3
Rayo Vallecano,es La Liga,25,29.8,50.7,29,319,2610,29.0,31,24,55,31,0,0,74,3,34.9,34.9,28.3,63.2,434,1019,1.07,0.83,1.9,1.07,1.9,1.2,0.98,2.18,1.2,2.18,382,117,30.6,13.17,4.03,0.08,0.26,19.0,19,10371,13395,77.4,185342,71641,4737,5398,87.8,4402,5143,85.6,1035,2200,47.0,274,818,175,63,325,84,578,147,75,48,0,58,301,652,22.48,478,61,34,41,31,7,49,1.69,35,3,6,4,0,1,494,311,241,511,47.2,270,340,94,246,259,753,747,14,16808,1979,6008,6896,4076,527,8826,460,10298,1009,0,419,293,1321,355,407,46.6,31,1.07,119,87,75.6,10,10,9,7,24.1,2,2,0,2,0,4,1,31.0,0.24,1.0,0.03,774,42.3,410,27,6.6,18,0.62,12.9
RB Leipzig,de Bundesliga,29,26.4,52.2,27,297,2430,27.0,39,27,66,37,2,3,55,4,37.4,35.1,29.4,64.5,400,1067,1.44,1.0,2.44,1.37,2.37,1.39,1.09,2.48,1.3,2.39,325,113,34.8,12.04,4.19,0.11,0.33,16.3,6,11664,14495,80.5,196434,72909,5441,6230,87.3,5092,5932,85.8,863,1575,54.8,257,873,238,45,316,38,458,124,46,49,0,67,287,579,21.44,429,53,32,29,26,10,65,2.41,47,2,4,9,3,0,441,265,204,418,48.8,214,409,126,283,239,680,791,20,17881,1788,5496,8777,3774,618,9161,413,11601,1060,2,304,269,1249,391,361,52.0,34,1.26,121,86,73.6,11,9,7,13,48.1,2,1,0,2,1,4,0,38.2,0.31,4.2,0.15,630,33.4,399,21,5.3,32,1.19,15.6
Real Madrid,es La Liga,26,27.6,60.8,29,319,2610,29.0,62,43,105,53,9,11,45,3,55.9,47.6,39.5,87.1,738,1522,2.14,1.48,3.62,1.83,3.31,1.93,1.36,3.29,1.64,3.0,459,170,37.0,15.83,5.86,0.12,0.31,18.1,13,16578,18759,88.4,278897,85654,7981,8541,93.4,6849,7401,92.5,1335,2000,66.8,368,1365,267,21,426,173,407,162,67,51,1,65,242,855,29.48,626,60,71,53,33,12,107,3.69,75,6,9,9,7,1,444,272,197,364,54.1,167,261,79,182,262,706,478,14,21796,1919,6121,9867,5999,890,13635,397,16471,1512,0,256,403,1173,235,193,54.9,29,1.0,92,64,71.7,19,6,4,10,34.5,3,0,0,3,0,4,1,26.2,0.28,-1.8,-0.06,791,28.7,334,12,3.6,22,0.76,11.0
Real Sociedad,es La Liga,31,26.0,54.3,29,319,2610,29.0,26,19,45,24,2,2,68,4,30.8,29.3,24.1,53.4,508,1057,0.9,0.66,1.55,0.83,1.48,1.06,0.83,1.9,1.01,1.84,292,92,31.5,10.07,3.17,0.08,0.26,18.1,10,11246,14292,78.7,198601,69386,5143,5825,88.3,4702,5532,85.0,1125,2116,53.2,216,844,194,50,398,122,562,157,54,69,0,66,286,520,17.93,384,52,27,25,23,9,50,1.72,38,3,5,0,4,0,508,324,247,458,53.9,211,340,102,238,216,724,679,15,17534,1754,5383,8245,4059,576,9417,441,11112,1043,0,386,332,1234,442,495,47.2,31,1.07,105,73,75.2,11,5,13,12,41.4,5,1,0,5,0,4,0,28.3,0.23,-2.7,-0.09,794,46.0,362,23,6.4,31,1.07,13.4
Reims,fr Ligue 1,33,25.4,44.6,27,297,2430,27.0,28,15,43,27,1,2,56,5,30.1,28.5,20.1,48.6,476,952,1.04,0.56,1.59,1.0,1.56,1.11,0.74,1.86,1.06,1.8,313,90,28.8,11.59,3.33,0.09,0.3,17.7,6,9265,11628,79.7,163326,60839,4160,4700,88.5,3933,4544,86.6,907,1751,51.8,217,700,178,57,341,76,495,113,47,50,0,45,205,544,20.15,403,43,30,37,20,11,49,1.81,36,3,3,7,0,0,461,296,242,460,52.6,218,302,100,202,234,695,689,15,14798,1904,5481,6063,3435,518,7786,467,9172,939,2,309,292,1136,271,340,44.4,41,1.52,143,101,73.4,6,8,13,4,14.8,3,1,0,3,1,6,0,50.2,0.34,9.2,0.34,727,37.1,423,25,5.9,22,0.81,13.3
Rennes,fr Ligue 1,35,26.0,50.4,27,297,2430,27.0,38,22,60,33,5,7,55,2,36.7,31.6,21.5,53.1,530,1154,1.41,0.81,2.22,1.22,2.04,1.36,0.8,2.16,1.17,1.97,333,122,36.6,12.33,4.52,0.1,0.27,17.2,6,10874,13342,81.5,191378,66827,4752,5376,88.4,4859,5564,87.3,996,1728,57.6,249,855,215,53,384,88,469,136,74,33,0,37,254,595,22.04,435,58,29,39,23,11,63,2.33,40,5,5,7,5,1,493,295,245,427,57.4,182,287,80,207,295,788,598,10,16419,1545,4948,7659,3958,626,8990,414,10773,1142,0,360,312,1188,362,331,52.2,37,1.37,105,68,66.7,10,2,15,10,37.0,2,2,0,2,0,5,2,33.9,0.3,-1.1,-0.04,743,33.2,316,16,5.1,28,1.04,15.7
Roma,it Serie A,28,27.2,55.9,30,330,2700,30.0,44,27,71,37,7,7,55,1,44.2,38.7,28.8,67.5,573,1224,1.47,0.9,2.37,1.23,2.13,1.47,0.96,2.43,1.29,2.25,418,129,30.9,13.93,4.3,0.09,0.29,18.0,14,13933,16563,84.1,241140,76383,6189,6836,90.5,6253,6943,90.1,1148,2049,56.0,313,1009,260,64,409,73,508,135,53,56,2,56,231,758,25.27,559,65,30,55,41,8,77,2.57,56,2,4,7,6,2,430,251,181,346,52.3,165,264,88,176,226,656,546,11,19594,1841,5669,9305,4781,708,11462,442,13804,1212,1,322,379,1175,357,356,50.1,30,1.0,118,89,78.0,15,7,8,12,40.0,4,0,0,4,0,4,1,33.3,0.25,4.3,0.14,949,34.7,358,23,6.4,27,0.9,14.5
Saint-Étienne,fr Ligue 1,32,26.5,46.1,26,286,2385,26.5,26,18,44,23,3,3,52,2,28.0,25.7,19.1,44.8,419,910,0.98,0.68,1.66,0.87,1.55,1.06,0.72,1.78,0.97,1.69,266,80,30.1,10.04,3.02,0.09,0.29,18.5,7,10007,12334,81.1,166809,60967,4850,5397,89.9,4197,4808,87.3,721,1520,47.4,202,761,167,26,315,39,288,85,29,34,0,39,211,474,17.89,352,31,36,28,17,10,48,1.81,34,2,5,3,4,0,462,300,240,477,50.3,237,307,100,207,268,730,678,19,15421,1919,5472,6616,3466,457,7984,428,9940,904,0,345,273,1132,262,304,46.3,63,2.42,170,107,70.6,5,5,16,3,11.5,13,2,0,13,0,4,2,58.3,0.28,-2.7,-0.1,730,34.5,403,21,5.2,22,0.85,13.3
Sevilla,es La Liga,34,26.8,51.7,29,319,2610,29.0,30,26,56,29,1,2,78,5,30.1,28.5,21.4,49.9,458,874,1.03,0.9,1.93,1.0,1.9,1.04,0.74,1.77,0.98,1.72,351,107,30.5,12.1,3.69,0.08,0.27,19.1,9,11254,14067,80.0,194885,67762,5342,5916,90.3,4787,5508,86.9,906,2012,45.0,264,789,148,41,368,96,442,144,89,20,0,55,245,609,21.0,433,54,46,42,24,10,55,1.9,46,3,3,3,0,0,475,284,227,417,54.4,190,275,64,211,272,747,675,14,17418,1824,6228,7812,3536,504,8631,485,11131,866,3,363,310,1211,409,339,54.7,39,1.34,109,70,67.9,9,9,11,9,31.0,4,1,0,4,1,4,1,35.4,0.29,-2.6,-0.09,823,37.6,402,22,5.5,35,1.21,13.3
Southampton,eng Premier League,34,26.0,50.4,29,319,2610,29.0,20,12,32,20,0,2,75,3,27.0,25.2,20.3,45.6,518,910,0.69,0.41,1.1,0.69,1.1,0.93,0.7,1.63,0.87,1.57,269,85,31.6,9.28,2.93,0.07,0.24,16.2,5,12410,14753,84.1,209183,67076,5877,6448,91.1,5372,5970,90.0,878,1696,51.8,217,791,175,47,370,43,436,124,82,25,0,39,212,495,17.07,348,45,38,36,21,7,33,1.14,19,3,3,7,0,1,504,294,214,460,46.5,246,336,147,189,236,740,697,44,17916,2286,6543,7726,3799,545,9990,353,12297,902,0,352,336,1122,361,306,54.1,70,2.41,196,126,67.3,2,3,24,2,6.9,6,0,0,6,0,11,0,66.5,0.32,-3.5,-0.12,959,36.9,398,27,6.8,22,0.76,6.5
St. Pauli,de Bundesliga,27,27.7,43.8,27,297,2430,27.0,21,19,40,20,1,2,37,1,28.5,26.9,22.5,49.4,336,851,0.78,0.7,1.48,0.74,1.44,1.06,0.83,1.89,1.0,1.83,296,80,27.0,10.96,2.96,0.07,0.25,17.2,10,9258,12136,76.3,164840,63677,4004,4652,86.1,4075,4857,83.9,920,1911,48.1,224,708,162,61,330,54,479,115,46,46,2,54,248,525,19.44,355,54,31,40,31,14,37,1.37,24,1,7,3,1,1,456,272,218,428,50.9,210,326,74,252,220,676,729,17,15243,1811,5448,6611,3311,510,7326,385,9141,837,0,276,274,1073,440,525,45.6,33,1.22,110,75,70.9,7,4,16,8,29.6,1,3,0,1,0,4,1,38.0,0.32,6.0,0.22,964,26.1,354,19,5.4,21,0.78,13.0
Strasbourg,fr Ligue 1,30,22.1,49.8,27,297,2430,27.0,44,34,78,42,2,2,58,1,39.5,37.9,30.2,68.1,439,935,1.63,1.26,2.89,1.56,2.81,1.46,1.12,2.58,1.41,2.52,277,114,41.2,10.26,4.22,0.15,0.37,15.9,8,11418,13661,83.6,198631,69701,4893,5411,90.4,5535,6223,88.9,804,1508,53.3,211,687,163,40,406,35,377,108,45,45,0,36,210,485,17.96,348,41,32,27,21,16,77,2.85,58,4,3,6,4,2,427,262,206,370,55.7,164,292,84,208,222,649,728,14,16727,2037,6894,7126,2861,470,9699,396,11307,924,0,317,348,1140,272,250,52.1,35,1.3,136,102,78.7,13,7,7,8,29.6,6,1,0,6,0,2,2,42.4,0.27,9.4,0.35,1156,25.6,432,30,6.9,41,1.52,11.1
Stuttgart,de Bundesliga,28,25.5,56.1,27,297,2430,27.0,44,31,75,42,2,5,62,4,45.9,42.0,32.4,74.4,423,1154,1.63,1.15,2.78,1.56,2.7,1.7,1.2,2.9,1.56,2.76,344,128,37.2,12.74,4.74,0.12,0.33,15.7,7,12644,15280,82.7,211582,77364,6297,6954,90.6,5042,5775,87.3,1028,1858,55.3,277,1009,282,70,391,56,495,139,57,36,1,52,237,629,23.3,483,38,35,49,18,6,73,2.7,50,2,7,10,3,1,391,230,202,389,51.9,187,328,82,246,231,622,633,19,18332,1859,5508,8615,4342,714,10057,416,12510,1143,2,280,330,1113,362,358,50.3,44,1.63,116,72,63.8,10,7,10,4,14.8,2,1,0,2,1,6,1,37.2,0.31,-5.8,-0.22,877,26.1,334,11,3.3,42,1.56,17.3
Torino,it Serie A,28,27.4,47.2,30,330,2700,30.0,32,20,52,31,1,2,67,2,26.0,24.5,17.1,41.6,410,874,1.07,0.67,1.73,1.03,1.7,0.87,0.57,1.44,0.82,1.39,292,100,34.2,9.73,3.33,0.11,0.31,18.1,10,10726,13439,79.8,195723,67378,4491,5153,87.2,4926,5616,87.7,1096,2082,52.6,212,738,189,62,341,64,514,120,75,34,0,48,218,514,17.13,387,43,20,34,24,6,52,1.73,34,6,4,3,4,1,373,203,181,345,52.5,164,280,114,166,226,599,701,17,16341,1917,5573,7479,3420,464,9518,372,10600,869,1,390,297,1021,407,463,46.8,35,1.17,145,108,76.6,9,12,9,9,30.0,1,4,0,1,1,7,2,40.6,0.26,7.6,0.25,1078,48.6,506,30,5.9,46,1.53,13.7
Tottenham,eng Premier League,31,25.9,56.8,29,319,2610,29.0,52,41,93,51,1,2,54,1,47.3,45.7,36.7,82.4,671,1294,1.79,1.41,3.21,1.76,3.17,1.63,1.27,2.9,1.58,2.84,411,151,36.7,14.17,5.21,0.12,0.34,16.0,8,13291,15959,83.3,219129,74127,6245,6937,90.0,5847,6563,89.1,836,1559,53.6,319,1021,313,68,440,55,593,210,93,49,0,44,351,724,24.97,533,54,49,54,26,8,90,3.1,68,5,8,6,2,1,532,339,247,479,51.6,232,342,117,225,241,773,587,32,19333,1985,6221,8148,5160,840,12119,412,13175,1285,1,327,378,1325,325,338,49.0,43,1.48,131,90,68.7,10,4,15,6,20.7,2,0,0,2,0,3,2,46.8,0.35,5.8,0.2,782,15.3,390,34,8.7,32,1.1,11.1
Toulouse,fr Ligue 1,27,25.9,46.0,27,297,2430,27.0,33,25,58,30,3,4,41,1,40.3,37.2,27.8,65.0,444,998,1.22,0.93,2.15,1.11,2.04,1.49,1.03,2.52,1.38,2.41,323,113,35.0,11.96,4.19,0.09,0.27,15.5,5,9349,11950,78.2,162096,60254,4162,4798,86.7,4217,4933,85.5,748,1581,47.3,242,695,228,51,372,70,474,130,72,46,0,34,236,569,21.07,379,73,31,36,36,14,61,2.26,42,5,4,4,5,1,507,298,269,501,53.7,232,284,81,203,232,739,612,14,15000,1492,4846,6820,3513,627,8248,417,9263,986,0,357,335,1259,355,344,50.8,33,1.22,82,50,61.0,9,7,11,9,33.3,1,1,0,1,0,4,2,27.8,0.33,-3.2,-0.12,559,35.1,338,9,2.7,26,0.96,12.1
Udinese,it Serie A,29,27.1,47.2,30,330,2700,30.0,36,24,60,34,2,4,70,4,30.0,26.8,20.6,47.4,448,911,1.2,0.8,2.0,1.13,1.93,1.0,0.69,1.69,0.89,1.58,337,107,31.8,11.23,3.57,0.1,0.32,17.4,9,10326,12962,79.7,191648,65588,4164,4734,88.0,4685,5434,86.2,1231,2161,57.0,239,775,197,90,381,73,549,143,42,64,1,41,212,593,19.77,431,55,26,43,23,15,54,1.8,30,3,5,11,3,2,456,280,225,411,54.7,186,315,110,205,245,701,697,18,16167,1916,5607,7252,3493,551,8956,441,10188,894,2,420,309,1142,427,393,52.1,41,1.37,123,87,72.4,11,7,12,8,26.7,7,0,1,7,3,6,5,38.7,0.28,2.7,0.09,794,30.9,428,16,3.7,25,0.83,15.0
Union Berlin,de Bundesliga,27,27.8,40.8,27,297,2430,27.0,26,17,43,23,3,3,65,1,31.0,28.6,20.6,49.2,314,867,0.96,0.63,1.59,0.85,1.48,1.15,0.76,1.91,1.06,1.82,344,96,27.9,12.74,3.56,0.07,0.24,16.5,6,8162,11186,73.0,146064,60919,3674,4335,84.8,3267,4103,79.6,931,1920,48.5,245,645,212,66,279,42,504,130,57,62,1,55,270,587,21.74,402,78,23,44,34,6,46,1.7,28,5,4,5,3,1,422,239,216,406,53.2,190,336,90,246,251,673,779,8,14459,1667,4970,6274,3342,586,7138,376,8088,853,0,348,251,1111,533,530,50.1,39,1.44,108,67,65.7,8,7,12,6,22.2,2,3,0,2,1,1,1,40.0,0.34,2.0,0.07,683,43.5,424,30,7.1,23,0.85,15.0
Valencia,es La Liga,32,25.3,47.3,29,319,2610,29.0,32,21,53,29,3,3,63,1,32.2,29.8,23.5,53.2,439,1016,1.1,0.72,1.83,1.0,1.72,1.11,0.81,1.92,1.03,1.84,295,82,27.8,10.17,2.83,0.1,0.35,17.4,5,10329,13248,78.0,185103,64317,4620,5195,88.9,4553,5314,85.7,994,2046,48.6,217,875,180,70,415,93,630,153,56,62,3,58,317,522,18.0,384,51,22,27,23,15,53,1.83,37,2,2,7,3,2,496,318,243,439,55.4,196,274,70,204,230,726,684,15,16395,1631,5235,7338,3974,499,8279,408,10234,1007,0,344,327,1186,360,428,45.7,46,1.59,108,63,61.1,7,10,12,6,20.7,4,1,1,4,0,2,2,38.2,0.31,-5.8,-0.2,678,45.0,378,20,5.3,48,1.66,25.7
Valladolid,es La Liga,33,26.2,43.0,29,319,2610,29.0,19,12,31,16,3,3,81,4,24.6,22.3,18.4,40.7,361,755,0.66,0.41,1.07,0.55,0.97,0.85,0.64,1.48,0.77,1.4,255,68,26.7,8.79,2.34,0.06,0.24,18.1,9,9153,11743,77.9,173696,65097,3702,4224,87.6,4203,4896,85.8,1082,2067,52.3,198,590,133,71,403,92,501,114,52,35,0,53,212,466,16.07,322,55,36,16,30,7,33,1.14,25,0,4,1,3,0,467,286,216,436,49.5,220,346,124,222,246,713,697,21,14874,2065,6299,6068,2651,401,7401,405,9061,742,2,364,352,1039,440,401,52.3,65,2.24,150,86,58.7,4,4,21,5,17.2,3,0,0,3,2,4,1,53.3,0.35,-10.7,-0.37,834,41.2,456,34,7.5,34,1.17,14.3
Venezia,it Serie A,36,26.1,44.4,30,330,2700,30.0,23,12,35,19,4,5,61,1,27.0,23.2,16.1,39.3,394,831,0.77,0.4,1.17,0.63,1.03,0.9,0.54,1.44,0.77,1.31,294,91,31.0,9.8,3.03,0.06,0.21,18.8,16,9182,12004,76.5,159355,60419,4082,4727,86.4,4107,4893,83.9,765,1704,44.9,218,613,172,47,411,66,424,108,47,34,0,45,243,523,17.43,379,50,26,28,33,7,35,1.17,17,4,1,6,7,0,479,289,231,459,50.3,228,342,110,232,224,703,726,19,15369,2136,5682,6476,3386,489,8423,483,9069,825,1,382,351,1131,382,463,45.2,43,1.43,156,115,77.6,3,11,16,5,16.7,8,1,0,8,0,6,3,47.7,0.26,7.7,0.26,820,23.7,474,25,5.3,18,0.6,9.4
Villarreal,es La Liga,28,27.6,48.9,28,308,2520,28.0,49,32,81,44,5,7,75,2,49.0,43.4,36.1,79.5,518,1169,1.75,1.14,2.89,1.57,2.71,1.75,1.29,3.04,1.55,2.84,407,127,31.2,14.54,4.54,0.11,0.35,16.2,9,10902,13405,81.3,197310,71830,4643,5206,89.2,4986,5724,87.1,1075,1879,57.2,322,878,281,76,380,92,518,137,54,45,1,62,239,739,26.39,564,56,30,45,30,14,86,3.07,67,4,2,6,6,1,494,305,247,456,54.2,209,315,86,229,216,710,630,15,16565,1802,5635,6977,4095,726,8983,433,10797,1160,1,337,342,1168,373,301,55.3,39,1.39,114,76,69.3,13,8,7,3,10.7,4,0,1,4,2,6,1,32.2,0.26,-5.8,-0.21,614,29.4,408,25,6.1,30,1.07,11.6
Werder Bremen,de Bundesliga,23,28.3,49.9,27,297,2430,27.0,42,30,72,40,2,4,59,4,37.9,35.2,29.0,64.2,383,1082,1.56,1.11,2.67,1.48,2.59,1.4,1.07,2.48,1.3,2.38,327,107,32.7,12.11,3.96,0.12,0.37,16.1,11,11169,13966,80.0,198533,71394,4667,5331,87.5,4998,5802,86.1,1122,1954,57.4,252,744,279,80,364,65,533,129,53,59,0,57,282,599,22.19,462,43,18,39,29,8,73,2.7,61,1,1,5,4,1,457,269,230,431,53.4,201,358,112,246,256,713,638,20,17093,1956,6166,7216,3840,643,9890,381,11086,1076,3,271,311,1125,371,358,50.9,53,1.96,127,77,60.6,10,6,11,6,22.2,3,0,0,3,2,3,3,44.5,0.33,-5.5,-0.2,871,22.8,372,29,7.8,18,0.67,11.9
West Ham,eng Premier League,27,28.9,47.0,29,319,2610,29.0,31,18,49,28,3,3,63,3,36.6,34.3,25.6,59.9,482,925,1.07,0.62,1.69,0.97,1.59,1.26,0.88,2.14,1.18,2.06,373,104,27.9,12.86,3.59,0.08,0.27,16.5,10,10816,13544,79.9,191883,68453,5004,5672,88.2,4580,5286,86.6,1061,1996,53.2,259,810,204,56,328,105,473,126,68,47,1,55,260,646,22.28,456,58,40,54,26,12,45,1.55,25,4,2,11,3,0,493,292,206,403,51.1,197,366,137,229,257,750,767,21,17010,2231,6240,7203,3737,660,8588,378,10731,920,2,333,302,1212,459,437,51.2,49,1.69,145,99,68.3,9,7,13,6,20.7,3,0,0,3,1,6,3,45.1,0.3,-0.9,-0.03,880,43.1,464,19,4.1,27,0.93,13.7
Wolfsburg,de Bundesliga,25,25.9,45.6,27,297,2430,27.0,47,32,79,43,4,5,65,2,38.7,34.7,26.8,61.5,373,944,1.74,1.19,2.93,1.59,2.78,1.44,0.99,2.43,1.28,2.28,338,110,32.5,12.52,4.07,0.13,0.39,17.5,11,9233,12013,76.9,173881,63877,3764,4438,84.8,4129,4821,85.6,1123,2106,53.3,242,792,188,41,331,95,426,127,76,48,1,40,261,584,21.63,397,64,28,49,37,9,84,3.11,51,9,4,10,8,2,383,235,187,429,43.6,242,356,106,250,251,634,749,13,15187,1783,5176,6655,3491,569,8114,392,9129,939,0,287,290,1091,411,443,48.1,41,1.52,128,87,69.5,10,8,9,5,18.5,2,1,0,2,0,10,1,47.0,0.35,7.0,0.26,846,36.7,398,18,4.5,15,0.56,11.7
Wolves,eng Premier League,28,27.6,47.8,29,319,2610,29.0,40,34,74,40,0,0,63,2,31.6,31.6,26.0,57.6,459,926,1.38,1.17,2.55,1.38,2.55,1.09,0.9,1.99,1.09,1.99,317,123,38.8,10.93,4.24,0.13,0.33,18.4,14,10770,13407,80.3,185803,63724,5025,5614,89.5,4471,5097,87.7,969,1936,50.1,234,794,214,53,375,95,425,102,65,26,2,53,247,555,19.14,406,38,41,27,25,18,72,2.48,61,2,5,1,0,3,613,357,281,525,53.5,244,351,120,231,240,853,722,21,16770,2048,5960,7515,3495,536,9150,429,10684,920,2,377,320,1262,338,365,48.1,58,2.0,136,80,61.8,7,5,17,5,17.2,6,1,0,6,1,10,3,48.2,0.32,-6.8,-0.23,788,34.9,453,34,7.5,47,1.62,13.4
